"file","phase","theme","caption"
"01.png","🚀 Launch Week","Expanding","AXESS is live in Massachusetts.  The off-market network for licensed agents is open. Get in early.  Request access"
"02.png","🚀 Launch Week","Founding","Founding members join free.  The first 100 Massachusetts agents lock in founding status. Invite-only after that.  Claim your spot"
"03.png","🚀 Launch Week","Founding","First 100 agents join free.  Founding membership is free for the first 100 agents. After that it’s paid — and the network keeps growing.  Claim your spot"
"04.png","🚀 Launch Week","Expanding","Built in Boston. Growing fast.  AXESS started in MA and it’s spreading. Be a founding agent.  Request access"
"05.png","🚀 Launch Week","Founding","Free now. Invite-only later.  Founding members never pay to join. The window is closing.  Claim your spot"
"06.png","🚀 Launch Week","Invite-Only","Not open to the public.  Licensed agents only. No portals, no public ads, no tire-kickers.  Apply to join"
"07.png","🚀 Launch Week","Off-Market","The best deals never get listed.  They move quietly between agents who know each other. That’s AXESS.  Request access"
"08.png","🚀 Launch Week","Founding","Get in before the free window ends.  The first 100 founding spots are free and limited. Lock yours in now.  Join free"
"09.png","📅 First Month","Agent-to-Agent","Every member is licensed and verified.  No public leads, no noise. Just professionals doing real deals.  Apply to join"
"10.png","📅 First Month","How It Works","Your pocket listing stays yours.  Keep a deal private and qualify the buyer before you share a single detail.  See how it works"
"11.png","📅 First Month","How It Works","No portal. No public leads.  AXESS connects licensed agents directly. Real inventory, real buyers.  See how it works"
"12.png","📅 First Month","How It Works","You keep the commission.  Agent-to-agent. No middleman, no lead fees. The deal stays between professionals.  See how it works"
"13.png","📅 First Month","Invite-Only","Invite-only, on purpose.  We keep it small so every deal that moves is real.  Request an invite"
"14.png","📅 First Month","Off-Market","Sold before it hit the market.  Off-market listings trade agent-to-agent on AXESS — no portal, no public noise.  See how"
"15.png","📅 First Month","How It Works","Post it. Qualify. Then share.  Control who sees your deal. Only vetted AXESS agents get the details.  See how it works"
"16.png","📅 First Month","Founding","Your founding spot is waiting.  Be one of the first 100 agents on AXESS. Free, for now.  Claim it"
"17.png","📅 First Month","Invite-Only","The room where the deals happen.  Off-market inventory, qualified agents, no public noise.  Get in the room"
"18.png","📅 First Month","How It Works","Every buyer comes pre-qualified.  Agents bring real, ready buyers. No tire-kickers, no wasted showings.  See how it works"
"19.png","📈 Months 2–3","Why Join","Tired of bidding wars?  Off-market means no 30-offer chaos. Trade quietly, agent-to-agent.  Request access"
"20.png","📈 Months 2–3","Off-Market","Off-market is where the margin is.  Skip the bidding wars. Trade privately with agents who have real buyers.  Request access"
"21.png","📈 Months 2–3","Why Join","A public portal isn’t your edge.  Public portals give everyone the same deals. AXESS gives you the private ones.  Request access"
"22.png","📈 Months 2–3","By Niche","Only the deals in your lane.  Sorted by asset class — multifamily, retail, land, storage. Skip the noise.  Request access"
"23.png","📈 Months 2–3","Why Join","Stop competing for the same leads.  AXESS gives you inventory nobody else can see. Off-market, agent-only.  Join AXESS"
"24.png","📈 Months 2–3","Off-Market","Some listings aren’t for the public.  Private, off-market inventory shared only with licensed AXESS members.  Request access"
"25.png","📈 Months 2–3","By Niche","Multifamily agents, this one’s for you.  Off-market multis trade quietly on AXESS. Filter to your lane.  Request access"
"26.png","📈 Months 2–3","Mindset","Top agents don’t wait for listings.  They trade off-market, agent-to-agent. AXESS is where that happens.  Request access"
"27.png","📈 Months 2–3","Why Join","Buyers are ready. Where’s the inventory?  AXESS surfaces off-market deals so your ready buyers finally have options.  Request access"
"28.png","📈 Months 2–3","How It Works","Three steps to a quiet sale.  List it private on AXESS, match a verified buyer’s agent, close off-market.  See how it works"
"29.png","📈 Months 2–3","Agent-to-Agent","Agents you can actually close with.  Every AXESS member is licensed, verified, and here to do business.  Apply to join"
"30.png","📈 Months 2–3","Off-Market","No sign in the yard.  The quiet deals — pocket listings, pre-market, whisper sales — live on AXESS.  Request access"
"31.png","♻️ All Year — rotate","Off-Market","Where the deals trade quietly.  An off-market network for licensed agents. Real inventory, no tire-kickers.  Apply to join"
"32.png","♻️ All Year — rotate","Off-Market","The listing you’ll never find online.  Off-market and pre-market deals, shared agent-to-agent on AXESS.  Get in"
"33.png","♻️ All Year — rotate","Invite-Only","Members only. Always.  AXESS is a closed network of licensed, verified agents. That’s the point.  Apply to join"
"34.png","♻️ All Year — rotate","Invite-Only","You can’t Google your way in.  AXESS is invite-only for licensed agents. By referral or application.  Request access"
"35.png","♻️ All Year — rotate","Invite-Only","Quiet network. Loud results.  Invite-only, off-market, agent-to-agent. Built for people who close.  Apply to join"
"36.png","♻️ All Year — rotate","Invite-Only","Exclusivity is the feature.  No public leads. Just licensed agents trading real off-market deals.  Request access"
"37.png","♻️ All Year — rotate","Founding","Early agents get the edge.  Founding members see every deal first. Join before the free 100 fill up.  Join free"
"38.png","♻️ All Year — rotate","Founding","The first 100 join free.  The first 100 Massachusetts agents join free — after that, membership is paid. The network keeps growing.  Claim your spot"
"39.png","♻️ All Year — rotate","How It Works","Match a buyer before you list.  Test the market privately. Find the buyer’s agent first, then decide.  See how it works"
"40.png","♻️ All Year — rotate","By Niche","Land deals you won’t see listed.  Raw land, teardowns, development sites — traded agent-to-agent.  Request access"
"41.png","♻️ All Year — rotate","By Niche","Retail. Storage. Mobile home parks.  Niche asset classes, off-market, matched to the agents who work them.  Request access"
"42.png","♻️ All Year — rotate","By Niche","Filter out everything but yours.  AXESS sorts inventory by asset class so you only see your deals.  Request access"
"43.png","♻️ All Year — rotate","By Niche","Investors want your asset class.  Match off-market inventory to buyers who only want what you have.  Request access"
"44.png","♻️ All Year — rotate","Agent-to-Agent","Deal with pros, not the public.  AXESS is agents only. Trade with people who know how to close.  Apply to join"
"45.png","♻️ All Year — rotate","Agent-to-Agent","Your network is your net worth.  The agents you know decide the deals you see. Build the right network.  Join AXESS"
"46.png","♻️ All Year — rotate","Agent-to-Agent","One agent’s pocket is another’s payday.  Trade off-market deals with verified agents who have the buyers.  Request access"
"47.png","♻️ All Year — rotate","Agent-to-Agent","Real agents. Real inventory.  No bots, no leads-for-sale. AXESS is a closed room of licensed pros.  Apply to join"
"48.png","♻️ All Year — rotate","Agent-to-Agent","Verified means no wasted time.  Every member is vetted, so every call is with a real buyer’s agent.  Apply to join"
"49.png","♻️ All Year — rotate","Momentum","Agents are joining daily.  The off-market network for Massachusetts agents is growing fast. Get in.  Request access"
"50.png","♻️ All Year — rotate","Momentum","The network is filling up.  More agents means more off-market deals. Join before the free founding 100 fill up.  Claim your spot"
"51.png","♻️ All Year — rotate","Momentum","Deals are already moving on AXESS.  Members are trading off-market inventory right now. Don’t watch from outside.  Request access"
"52.png","♻️ All Year — rotate","Momentum","This is where MA agents are going.  The off-market network for licensed agents in Massachusetts. Be early.  Join them"
"53.png","♻️ All Year — rotate","Momentum","Everyone good is already here.  The agents closing off-market deals are on AXESS. Join the room.  Apply to join"
"54.png","♻️ All Year — rotate","FOMO","The window is closing.  Founding membership is free and limited. Miss it and it’s invite-only.  Claim your spot"
"55.png","♻️ All Year — rotate","FOMO","Don’t be the agent who found out late.  AXESS founding spots are going fast. Get in while it’s free.  Get in now"
"56.png","♻️ All Year — rotate","FOMO","Free ends when 100 fills.  After the first 100 agents, joining is paid — the network keeps growing.  Claim your spot"
"57.png","♻️ All Year — rotate","FOMO","Later is too late.  Founding status can’t be earned back. Lock it in before the free 100 fill.  Join free now"
"58.png","♻️ All Year — rotate","FOMO","The deals move with or without you.  Off-market inventory trades daily on AXESS. Be in the room.  Request access"
"59.png","♻️ All Year — rotate","FOMO","Miss this and you miss the deals.  AXESS members see off-market inventory first. Everyone else waits.  Request access"
"60.png","♻️ All Year — rotate","Deal Teaser","Off-market, right now.  Multifamily · Dorchester · $2.95M · 2.5% BBC — deals like this trade quietly on AXESS.  Request access"
"61.png","♻️ All Year — rotate","Deal Teaser","6 units. Never listed.  Off-market multifamily just traded on AXESS. Members saw it first.  Request access"
"62.png","♻️ All Year — rotate","Deal Teaser","A deal like this won’t hit the MLS.  Retail strip · off-market · qualified buyer’s agent found in 48 hours.  Request access"
"63.png","♻️ All Year — rotate","Deal Teaser","Traded in 48 hours. Quietly.  An off-market land deal matched and moved on AXESS this week.  Request access"
"64.png","♻️ All Year — rotate","Deal Teaser","This one sold before lunch.  Off-market. Agent-to-agent. The kind of deal AXESS was built for.  Request access"
"65.png","♻️ All Year — rotate","Deal Teaser","Your next deal is already here.  Off-market inventory is waiting on AXESS. You just need to be in.  Request access"
"66.png","♻️ All Year — rotate","Why Join","The public market is picked over.  The real inventory is off-market. AXESS is how agents find it.  Request access"
"67.png","♻️ All Year — rotate","Why Join","More listings. Less competition.  Off-market inventory, shared only with verified agents. That’s your edge.  Join AXESS"
"68.png","♻️ All Year — rotate","Why Join","Work smarter, not louder.  Quiet, off-market deals beat public bidding wars every time.  Request access"
"69.png","♻️ All Year — rotate","Expanding","Massachusetts now. New England next.  Get in early as AXESS opens the off-market network across the Northeast.  Request access"
"70.png","♻️ All Year — rotate","Expanding","Your market, off the market.  AXESS brings private, off-market inventory to agents in your area.  Request access"
"71.png","♻️ All Year — rotate","Expanding","First in MA. Won’t be the last.  Founding agents shape the network as AXESS expands across New England.  Join free"
"72.png","♻️ All Year — rotate","Mindset","The deal you want isn’t public yet.  Get to it first. AXESS surfaces inventory before it ever gets listed.  Request access"
"73.png","♻️ All Year — rotate","Mindset","Access beats advertising.  You don’t need more ads. You need the deals nobody else can see.  Join AXESS"
"74.png","♻️ All Year — rotate","Mindset","Relationships close deals.  AXESS is a network of agents who move inventory quietly, together.  Join AXESS"
"75.png","♻️ All Year — rotate","Mindset","Be the agent with the deal.  Off-market inventory makes you the one everyone calls. That’s AXESS.  Request access"
"76.png","♻️ All Year — rotate","Mindset","Play where the pros play.  AXESS is a closed network of licensed agents trading off-market deals.  Apply to join"