file,week,day,category,headline,caption
01.png,Week 1,Tue,Positioning,Multifamily is our specialty,"Multifamily is our specialty — most of what we do and where we go deepest. We work both sides: owners deciding when and how to sell, and buyers competing to win the right building in Greater Boston.

#MultifamilyInvesting #BostonRealEstate #GreaterBoston #RealEstateInvesting #GrovePropertyGroup #CommercialRealEstate #InvestmentProperty"
02.png,Week 1,Thu,Off-Market,Sold before it was ever listed,"No signs. No open houses. No tenant disruption. We move multifamily quietly to qualified buyers who are already looking. Curious what that looks like for your building? Let’s talk.

#MultifamilyInvesting #BostonRealEstate #GreaterBoston #RealEstateInvesting #GrovePropertyGroup #OffMarket #PocketListing #CRE"
03.png,Week 2,Tue,Market Data,"The rental market, by the data","Where the numbers stand: Boston rents are up 3.3% year over year and shelter costs 4.7%, while Northeast rental vacancy sits at 5.9%. Steady demand, a little more slack in supply. Context for any owner weighing a move.

Sources: U.S. Bureau of Labor Statistics; U.S. Census Bureau, 2026.

#MultifamilyInvesting #BostonRealEstate #GreaterBoston #RealEstateInvesting #GrovePropertyGroup #RealEstateMarket #RentalMarket #MarketUpdate"
04.png,Week 2,Thu,Advisory,"Hold, refi, or sell?","Hold, refinance, or sell? We model all three against your basis, debt, and 1031 timeline so you can decide with the math — not a pitch.

#MultifamilyInvesting #BostonRealEstate #GreaterBoston #RealEstateInvesting #GrovePropertyGroup #1031Exchange #RealEstateStrategy #WealthBuilding"
05.png,Week 3,Tue,Submarket,We speak triple-decker (South Boston),"South Boston is a triple-decker market, and those buildings trade on details a generalist overlooks — unit mix, parking, owner-occupancy, condo-conversion upside. We price all of it. Own in Southie? Let’s talk.

#MultifamilyInvesting #BostonRealEstate #GreaterBoston #RealEstateInvesting #GrovePropertyGroup #TripleDecker #InvestmentProperty #SouthBoston"
06.png,Week 3,Thu,Off-Market,The right buyer is already looking,"Our buyers are matched by size, submarket, and strategy. When your building fits, the sale can be a phone call — not a three-month campaign.

#MultifamilyInvesting #BostonRealEstate #GreaterBoston #RealEstateInvesting #GrovePropertyGroup #OffMarket #PocketListing #CRE"
07.png,Week 4,Tue,Positioning,We know this market,"Greater Boston multifamily, submarket by submarket. Real local knowledge is the difference between a valuation and a guess with a logo on it.

#MultifamilyInvesting #BostonRealEstate #GreaterBoston #RealEstateInvesting #GrovePropertyGroup #CommercialRealEstate #InvestmentProperty"
08.png,Week 4,Thu,Process,How a quiet sale works,"A quiet sale, start to finish: value it against real comps, approach a short list of qualified buyers privately, review real offers with zero public exposure, and close on your timeline. Curious how it’d work for your building?

#MultifamilyInvesting #BostonRealEstate #GreaterBoston #RealEstateInvesting #GrovePropertyGroup #OffMarket #RealEstateAdvisor"
09.png,Week 5,Tue,Submarket,Somerville moved closer,"The Green Line Extension changed Somerville. Distance to the new stops now moves rents and value block by block. We know which blocks benefited. Own multifamily in Somerville? Let’s talk.

#MultifamilyInvesting #BostonRealEstate #GreaterBoston #RealEstateInvesting #GrovePropertyGroup #TripleDecker #InvestmentProperty #Somerville"
10.png,Week 5,Thu,Advisory,Strategy first,"We’re advisors before we’re listing agents. When, how, and whether to sell — and sometimes the answer is ‘not yet.’ We’ll tell you straight.

#MultifamilyInvesting #BostonRealEstate #GreaterBoston #RealEstateInvesting #GrovePropertyGroup #1031Exchange #RealEstateStrategy #WealthBuilding"
11.png,Week 6,Tue,Discretion,"Your business, kept private","Rent rolls and financials stay confidential until a qualified buyer is real. For owners, discretion isn’t a feature — it’s the whole point.

#MultifamilyInvesting #BostonRealEstate #GreaterBoston #RealEstateInvesting #GrovePropertyGroup #OffMarket #RealEstateAdvisor"
12.png,Week 6,Thu,Advisory,Loan coming due?,"A maturing loan forces a decision: refinance at today’s rates or sell into today’s demand. We model both well before the deadline so it’s a considered choice, not a scramble.

#MultifamilyInvesting #BostonRealEstate #GreaterBoston #RealEstateInvesting #GrovePropertyGroup #1031Exchange #RealEstateStrategy #WealthBuilding"
13.png,Week 7,Tue,Submarket,"Dorchester, street by street","Dorchester changes street to street, and so do values. Pricing a building here means knowing the block, not just the neighborhood. We map it. Own in Dorchester? Let’s talk.

#MultifamilyInvesting #BostonRealEstate #GreaterBoston #RealEstateInvesting #GrovePropertyGroup #TripleDecker #InvestmentProperty #Dorchester"
14.png,Week 7,Thu,Buyers,Who’s on our list,"Our buyer list isn’t generic. It’s 1031 buyers racing a deadline, local operators growing block by block, out-of-state capital that wants Boston stability, and neighbors buying the building next door. Your building may already have a match.

#MultifamilyInvesting #BostonRealEstate #GreaterBoston #RealEstateInvesting #GrovePropertyGroup #RealEstateInvestors #OffMarket"
15.png,Week 8,Tue,Positioning,How we work,"Working with Grove: a data-backed valuation, private qualified buyers, strategy on timing and taxes, and discretion the whole way through.

#MultifamilyInvesting #BostonRealEstate #GreaterBoston #RealEstateInvesting #GrovePropertyGroup #CommercialRealEstate #InvestmentProperty"
16.png,Week 8,Thu,Advisory,Don’t start a 1031 the day you sell,"The 1031 clock is brutal — 45 days to identify, 180 to close. The owners who win line up the next building before the first one sells. Plan the exchange early, not at the closing table.

#MultifamilyInvesting #BostonRealEstate #GreaterBoston #RealEstateInvesting #GrovePropertyGroup #1031Exchange #RealEstateStrategy #WealthBuilding"
17.png,Week 9,Tue,Acquisitions,The deal you want isn’t listed yet,"The best multifamily rarely hits the open market. If you’re acquiring or trading up, get on our buyer list and see deals early.

#MultifamilyInvesting #BostonRealEstate #GreaterBoston #RealEstateInvesting #GrovePropertyGroup #RealEstateInvestors #BuyersAgent #OffMarket"
18.png,Week 9,Thu,Advisory,"One building, most of your net worth?","If one building is most of your net worth, that’s risk, not strategy. A 1031 into two or three assets spreads it without triggering tax. Worth modeling before you decide anything.

#MultifamilyInvesting #BostonRealEstate #GreaterBoston #RealEstateInvesting #GrovePropertyGroup #1031Exchange #RealEstateStrategy #WealthBuilding"
19.png,Week 10,Tue,Relationship,We stay useful between deals,"We’re useful between transactions, not just at the closing table — a current valuation, a read on your submarket, a heads-up when the right buyer surfaces. You don’t have to be selling for it to pay off.

#MultifamilyInvesting #BostonRealEstate #GreaterBoston #RealEstateInvesting #GrovePropertyGroup #RealEstateAdvisor #InvestmentProperty"
20.png,Week 10,Thu,For Owners,Inherited a building?,"Inherited multifamily has its own playbook — stepped-up basis, sitting tenants, decisions the family postponed. We walk you through hold, sell, or exchange, calmly and on your timeline.

#MultifamilyInvesting #BostonRealEstate #GreaterBoston #RealEstateInvesting #GrovePropertyGroup #PropertyOwners #Landlord"
21.png,Week 11,Tue,For Owners,Managing from afar?,"Running a Boston building from out of state wears thin — the calls, the vendors, the turnover. Sell, or 1031 into something closer to home. There’s a cleaner setup than long-distance landlording.

#MultifamilyInvesting #BostonRealEstate #GreaterBoston #RealEstateInvesting #GrovePropertyGroup #PropertyOwners #Landlord"
